1,2,3,4,5
2018/3/31,1286,35885,16006848.54,0.0531
2018/3/31,1510,0,0,0.0073
2018/3/31,1119,25003,15943623.52,0.0441
2018/3/31,1945,7472,4780542.42,0.0223
2018/3/31,1708,23085,10877009.3,0.0418
2018/3/31,1449,29415,23631515.58,0.1095
2018/3/31,1205,9512,2727031.721,0.0213
2018/3/31,1255,31749,22834879.56,0.0987
2018/3/31,1958,66658,39878444.77,0.0868
2018/3/31,1359,102263,49062945.9,0.1932
2018/3/31,1221,11448,52544891.11,0.1106
2018/3/31,1100,75436,41721828.3,0.1593
2018/3/31,1655,162,49038.202,0.0071
2018/3/31,1956,6179,7087690.805,0.0206
2018/3/31,1960,44193,39121584.19,0.1822
2018/3/31,1000,46317,30999751.01,0.1102
2018/3/31,1547,4822,3556482.392,0.0197
2018/3/31,1899,410,190831.932,0.0085
2018/3/31,1132,44803,40388254.89,0.1824
2018/3/31,1804,25445,62918240.79,0.1467
2018/3/31,1672,18329,13761926.67,0.0882
2018/3/31,1929,12379,5668069.132,0.0357
2018/3/31,1536,23512,10818522.98,0.0382
2018/3/31,1123,11599,6492330.485,0.0241
2018/3/31,1811,10118,1612443.419,0.0142
2018/3/31,1730,9651,2499213.79,0.0166
2018/3/31,1020,48468,21213137.19,0.0722
2018/3/31,1903,12716,5295572.491,0.0442
2018/3/31,1837,43417,55776025.4,0.155
2018/3/31,1003,34046,22273652.52,0.0736
2018/3/31,1756,4410,1213028.257,0.0118
2018/3/31,1461,12889,8591579.836,0.0283
2018/3/31,1575,0,0,/0
2018/3/31,1834,41901,49617165.55,0.1583
2018/3/31,1423,37747,14062868.14,0.0777
2018/3/31,1716,59605,40127223.84,0.1153
2018/3/31,1342,9156,1285606.801,0.0121
2018/3/31,1266,51752,35441747.15,0.111
2018/3/31,1807,2792,2827332.492,0.0276
2018/3/31,1846,17641,9649852.183,0.0291
2018/3/31,1162,2788,1772728.465,0.0135
2018/3/31,1520,6253,2183096.342,0.0143
2018/3/31,1517,3412,254644.059,0.0089
2018/3/31,1979,51234,29485214.13,0.1019
2018/3/31,1876,54331,27147219.5,0.111
2018/3/31,1554,89723,55327702.18,0.1488
2018/3/31,1932,44846,27413984.53,0.1014
2018/3/31,1420,46031,24895542.69,0.0619
2018/3/31,1988,117838,78039282.05,0.1914
2018/3/31,1247,0,0,/0
2018/3/31,1309,66390,28498133.61,0.128
2018/3/31,1969,26556,19494919.67,0.0563
2018/3/31,1630,1521,335391.874,0.0081
2018/3/31,1760,83273,38160122.98,0.0742
2018/3/31,1233,105832,72318655.31,0.1897
2018/3/31,1728,40245,7569774.781,0.0335
2018/3/31,1593,1601,1141072.921,0.0116
2018/3/31,1934,240,302946.126,0.0086
2018/3/31,1645,6073,3121307.474,0.0182
2018/3/31,1005,0,0,/0
2018/3/31,1373,12777,7026271.979,0.0373
2018/3/31,1794,527,3608938.563,0.0155
2018/3/31,1757,21548,10795392.82,0.0575
2018/3/31,1052,6307,7448491.806,0.0437
2018/3/31,1718,17163,19176241.98,0.0599
2018/3/31,1812,72335,87150798.82,0.348
2018/3/31,1599,72800,20581183.85,0.068
2018/3/31,1590,2383,1361015.584,0.0178
2018/3/31,1073,11309,18482336.41,0.0739
2018/3/31,1331,2973,1111475.989,0.0117
2018/3/31,1497,31431,15363392.19,0.0909
2018/3/31,1430,19893,23060227.74,0.0648
2018/3/31,1910,13939,19433705.05,0.037
2018/3/31,1163,12937,5065381.746,0.0394
2018/3/31,1114,38151,41103487.6,0.1303
2018/3/31,1197,27881,21605895.94,0.0641
2018/3/31,1172,2021,1640707.189,0.0131
2018/3/31,1229,6082,2235281.842,0.0148
2018/3/31,1341,34803,16668526.48,0.0755
2018/3/31,1029,39562,24730100.03,0.0647
2018/3/31,1236,21285,7527660.453,0.0359
2018/3/31,1580,15795,15669855.46,0.0703
2018/3/31,1125,69269,31145916.61,0.0702
2018/3/31,1074,564,195823.59,0.0088
2018/3/31,1574,65296,47204319.03,0.167
2018/3/31,1795,0,0,/0
2018/3/31,1699,24149,19734834.38,0.0643
2018/3/31,1054,7879,1047278.343,0.0117
2018/3/31,1334,4141,2010387.682,0.0168
2018/3/31,1537,14211,3929825.078,0.0224
2018/3/31,1908,20334,20876166.27,0.0775
2018/3/31,1170,33477,30539439.03,0.1254
2018/3/31,1076,322241,57188376.84,0.2962
2018/3/31,1722,58742,15337892.5,0.0739
2018/3/31,1075,4530,2773886.927,0.0173
2018/3/31,1012,7210,1709964.371,0.0127
2018/3/31,1951,29541,19828848.3,0.0554
2018/3/31,1485,25480,19209131.73,0.0704
2018/3/31,1533,4631,434023.897,0.0124
2018/3/31,1990,6190,10112053.12,0.0465
2018/3/31,1042,44339,41921700.91,0.0693
2018/3/31,1346,210510,92582096.21,0.2816
2018/3/31,1323,313273,89561230.51,0.2138
2018/3/31,1869,22392,10033741.07,0.0429
2018/3/31,1971,13213,4473779.312,0.0205
2018/3/31,1567,18700,8002812.204,0.0446
2018/3/31,1973,100541,62135438.52,0.1146
2018/3/31,1161,972,30157.921,0.0077
2018/3/31,1370,11425,11748664.85,0.0285
2018/3/31,1292,12981,18460134.06,0.0513
2018/3/31,1935,50375,20298221.1,0.0948
2018/3/31,1294,25026,70365146.9,0.1595
2018/3/31,1446,59960,149065898,0.2929
2018/3/31,1124,95152,63043618.29,0.1661
2018/3/31,1319,6738,8455188.3,0.0609
2018/3/31,1215,24022,39446597.15,0.0903
2018/3/31,1352,6172,3265937.527,0.0189
2018/3/31,1492,7276,2548897.824,0.0142
2018/3/31,1940,18049,9412974.55,0.028
2018/3/31,1067,34394,25185469.94,0.0855
2018/3/31,1502,18651,8593810.537,0.0437
2018/3/31,1479,51195,74040797.81,0.1558
2018/3/31,1693,23970,25339806.34,0.1241
2018/3/31,1313,96807,96476636.01,0.1918
2018/3/31,1038,4108,2650074.834,0.015
2018/3/31,1853,25584,22127495.58,0.0746
2018/3/31,1111,5416,16967755.95,0.0673
2018/3/31,1401,45098,30947337.14,0.0836
2018/3/31,1873,38436,12915681.98,0.0564
2018/3/31,1692,16590,18243649.39,0.0507
2018/3/31,1921,793,554929.255,0.01
2018/3/31,1450,9112,8458775.527,0.0261
2018/3/31,1056,109249,57585517.82,0.2401
2018/3/31,1191,78077,28314840.49,0.159
2018/3/31,1875,9902,17915316.45,0.064
2018/3/31,1463,4908,2563495.243,0.0232
2018/3/31,1544,7206,6603816.588,0.0347
2018/3/31,1431,2277,28800170.51,0.1629
2018/3/31,1232,15842,11305106.61,0.0623
2018/3/31,1626,4016,3355224.864,0.0181
2018/3/31,1455,3186,4881656.162,0.0232
2018/3/31,1952,5750,3452644.041,0.0218
2018/3/31,1946,87577,42853919.81,0.1825
2018/3/31,1501,25898,16201442.13,0.0666
2018/3/31,1915,2732,959716.814,0.0155
2018/3/31,1665,0,0,/0
2018/3/31,1914,25851,14099197.48,0.0515
2018/3/31,1505,59785,52228135.95,0.1121
2018/3/31,1769,1425,884844.83,0.0154
2018/3/31,1556,19972,7855002.354,0.0312
2018/3/31,1332,34178,11850010.72,0.0822
2018/3/31,1175,1890,909348.858,0.0134
2018/3/31,1372,13951,13828368.91,0.0885
2018/3/31,1821,8141,2840710.438,0.0217
2018/3/31,1622,12812,9726459.875,0.0362
2018/3/31,1500,8965,2495041.615,0.023
2018/3/31,1013,11644,12931392.67,0.0519
2018/3/31,1057,7555,4298162.068,0.0361
2018/3/31,1925,61716,72984916.64,0.3
2018/3/31,1316,48131,25733295.03,0.0985
2018/3/31,1356,7746,13406842.95,0.0506
2018/3/31,1636,2357,3823990.557,0.0183
2018/3/31,1671,54028,32822639.19,0.1109
2018/3/31,1211,68108,43715530.44,0.1637
2018/3/31,1970,20761,12334496.17,0.0407
2018/3/31,1080,2537,1978599.411,0.0129
2018/3/31,1648,33526,15647842.39,0.082
2018/3/31,1747,62213,51325693.98,0.3107
2018/3/31,1698,3988,2449109.641,0.0152
2018/3/31,1894,1777,501229.829,0.0087
2018/3/31,1377,150654,51753520.35,0.1186
2018/3/31,1171,99737,67757281.31,0.2831
2018/3/31,1413,78177,43117702,0.0902
2018/3/31,1576,9702,31908771.69,0.0488
2018/3/31,1177,3207,4618719.973,0.0254
2018/3/31,1981,34883,12333113.57,0.0663
2018/3/31,1102,19002,13191946.1,0.0488
2018/3/31,1237,47976,22123418.72,0.1252
2018/3/31,1886,7991,5534972.019,0.0351
2018/3/31,1460,1465,719029.115,0.0115
2018/3/31,1953,11209,14210097.1,0.0415
2018/3/31,1158,496,4397868.241,0.0291
2018/3/31,1617,434,123571.556,0.0076
2018/3/31,1573,0,0,/0
2018/3/31,1628,35123,66741981.36,0.2012
2018/3/31,1773,344,2459475.479,0.0501
2018/3/31,1070,4247,2496470.696,0.0238
2018/3/31,1523,38143,22196220.83,0.0551
2018/3/31,1262,69143,77374073.06,0.3139
2018/3/31,1113,4089,924776.701,0.0113
2018/3/31,1895,841,317095.93,0.0078
2018/3/31,1120,2820,1043830.648,0.0114
2018/3/31,1632,1135,1154504.017,0.0128
2018/3/31,1440,53372,41076984.92,0.0742
2018/3/31,1710,5370,3764662.314,0.0247
2018/3/31,1827,24714,27314937.6,0.1131
2018/3/31,1033,39594,14505231.81,0.0372
2018/3/31,1287,2849,2673236.603,0.0258
2018/3/31,1796,8581,5352927.264,0.0213
2018/3/31,1962,42744,22701057.22,0.1336
2018/3/31,1084,97095,16186101.15,0.0643
2018/3/31,1008,37109,22238279.81,0.0787
2018/3/31,1044,55658,31317390.97,0.0813
2018/3/31,1924,7976,2649709.075,0.0173
2018/3/31,1714,1476,1041179.965,0.0121
2018/3/31,1809,48731,38644535.63,0.1366
2018/3/31,1468,48724,63203417.81,0.1159
2018/3/31,1246,864,562847.507,0.0111
2018/3/31,1378,15830,13787983.07,0.0496
2018/3/31,1107,30687,51900042.13,0.0891
2018/3/31,1689,52969,15752362.57,0.0729
2018/3/31,1865,4195,205287.415,0.0091
2018/3/31,1838,53208,22795284.85,0.0788
2018/3/31,1234,15584,11900922.63,0.0365
2018/3/31,1681,13794,9251783.419,0.0293
2018/3/31,1405,22635,18905634.83,0.0498
2018/3/31,1015,125088,66175393.69,0.2237
2018/3/31,1612,6866,9106425.401,0.0387
2018/3/31,1298,806,555367.119,0.0062
2018/3/31,1441,1,0,0.008
2018/3/31,1847,97107,60108164.26,0.1953
2018/3/31,1360,41801,18113317.91,0.0853
2018/3/31,1178,39374,8998296.189,0.0365
2018/3/31,1429,114,108689.641,0.0086
2018/3/31,1259,737,308541.058,0.0084
2018/3/31,1383,9919,8888186.286,0.0222
2018/3/31,1830,52503,43242184.56,0.1076
2018/3/31,1867,7969,8032980.272,0.037
2018/3/31,1927,52475,27336721.43,0.0933
2018/3/31,1361,1038,148025.471,0.0081
2018/3/31,1254,1625,1524822.366,0.0136
2018/3/31,1949,11382,21546266.37,0.0614
2018/3/31,1880,58987,42386885.43,0.1045
2018/3/31,1365,9134,5426356.623,0.0233
2018/3/31,1974,3165,2137803.709,0.0151
2018/3/31,1768,7816,3668924.404,0.0209
2018/3/31,1898,49085,48192650.08,0.1333
2018/3/31,1717,6229,1019916.96,0.0218
2018/3/31,1438,29,204.213,0.0078
2018/3/31,1432,2787,4986245.99,0.0289
2018/3/31,1381,11852,7566493.52,0.0329
2018/3/31,1650,5670,1779868.964,0.0148
2018/3/31,1511,3279,697806.699,0.0095
2018/3/31,1896,9880,5992382.186,0.0237
2018/3/31,1598,42235,49983757.47,0.167
2018/3/31,1625,45392,31725713.25,0.107
2018/3/31,1380,8366,8089776.634,0.046
2018/3/31,1824,112970,46324794.04,0.162
2018/3/31,1507,124930,73639583.48,0.2053
2018/3/31,1504,4853,533328.548,0.0115
2018/3/31,1700,70090,38338864.86,0.0998
2018/3/31,1863,60533,45793950.21,0.2121
2018/3/31,1222,34471,22155841.02,0.1093
2018/3/31,1931,22346,17847583.21,0.0702
2018/3/31,1399,5295,785533.074,0.019
2018/3/31,1666,28118,12920756.67,0.0475
2018/3/31,1600,26688,36154556.3,0.1355
2018/3/31,1353,3940,748943.472,0.0133
2018/3/31,1324,17271,8937049.564,0.036
2018/3/31,1344,12485,8989484.944,0.0363
2018/3/31,1376,3184,1131972.314,0.0104
2018/3/31,1260,65638,33617603.55,0.15
2018/3/31,1311,6436,2371122.307,0.0175
2018/3/31,1742,25255,9849449.7,0.0372
2018/3/31,1272,5876,8132879.324,0.0299
2018/3/31,1585,28448,5976845.934,0.0464
2018/3/31,1883,100797,148002617.3,0.3011
2018/3/31,1701,54162,3778189.626,0.0289
2018/3/31,1349,40185,26165749.19,0.0831
2018/3/31,1644,99912,17117616.53,0.0622
2018/3/31,1242,1126,815937.235,0.0099
2018/3/31,1219,84221,38436414.06,0.1383
2018/3/31,1180,1323,1452482.418,0.0136
2018/3/31,1077,75034,30715454.54,0.1124
2018/3/31,1469,39862,21094736.04,0.0607
2018/3/31,1053,14033,4542618.124,0.0204
2018/3/31,1129,7200,1811693.098,0.0274
2018/3/31,1304,22821,20953394.3,0.0563
2018/3/31,1578,60326,21521671.3,0.0571
2018/3/31,1560,57167,67001982.21,0.2623
2018/3/31,1993,19259,10350368.01,0.037
2018/3/31,1064,13979,15715016.89,0.037
2018/3/31,1315,27761,67265873.3,0.1525
2018/3/31,1989,6559,4258779.621,0.0407
2018/3/31,1516,26897,19900599.47,0.0574
2018/3/31,1256,16206,5298383.51,0.0223
2018/3/31,1276,18715,19463825.04,0.0735
2018/3/31,1559,61726,42836020.87,0.2488
2018/3/31,1426,72361,41644527.6,0.1179
2018/3/31,1615,3199,2905810.575,0.0228
2018/3/31,1133,1479,247153.571,0.0094
2018/3/31,1740,49141,83095124.14,0.3203
2018/3/31,1403,2876,3306756.545,0.0288
2018/3/31,1607,25176,97527516.87,0.1925
2018/3/31,1035,15817,19473996.75,0.0596
2018/3/31,1396,26190,15742049.98,0.0474
2018/3/31,1433,15122,7549033.462,0.0371
2018/3/31,1566,11929,5529442.253,0.0249
2018/3/31,1279,95226,59318169.49,0.406
2018/3/31,1729,97394,42331750.51,0.1393
2018/3/31,1775,28713,8927604.461,0.037
2018/3/31,1943,18016,11388365.91,0.0686
2018/3/31,1004,11196,12066913.59,0.0365
2018/3/31,1160,18461,9113867.406,0.0805
2018/3/31,1398,123892,174275670.7,0.4873
2018/3/31,1058,0,0,/0
2018/3/31,1028,5826,1713338.6,0.0143
2018/3/31,1933,63251,21204245.22,0.0664
2018/3/31,1532,7807,5378245.715,0.0278
2018/3/31,1659,11938,7857825.638,0.0316
2018/3/31,1752,13775,7232144.314,0.0301
2018/3/31,1451,12153,8934455.488,0.0472
2018/3/31,1282,806,639233.456,0.009
2018/3/31,1118,56942,48148835.61,0.0892
2018/3/31,1127,6967,6989906.237,0.0637
2018/3/31,1143,90141,65421138.97,0.2697
2018/3/31,1761,4176,4563026.215,0.0212
2018/3/31,1562,13020,2839171.998,0.0255
2018/3/31,1048,41698,27549918.81,0.0791
2018/3/31,1835,6380,3366957.578,0.0182
2018/3/31,1657,46969,28395213.58,0.0686
2018/3/31,1999,24277,23337722.82,0.0665
2018/3/31,1379,6985,6204377.017,0.0371
2018/3/31,1892,29636,24698485.55,0.0594
2018/3/31,1453,15550,8047203.925,0.0467
2018/3/31,1285,6427,26170254.06,0.0779
2018/3/31,1408,25833,11298519,0.0554
2018/3/31,1660,31306,2519967.897,0.0262
2018/3/31,1031,8185,4431338.546,0.0257
2018/3/31,1347,46057,29814269.26,0.1422
2018/3/31,1637,3505,2746946.15,0.0196
2018/3/31,1348,1153,136805.555,0.0089
2018/3/31,1329,59508,32837074.94,0.0758
2018/3/31,1705,13009,14056082.22,0.0492
2018/3/31,1855,38385,14206596.28,0.0475
2018/3/31,1027,23839,18514969.59,0.0586
2018/3/31,1305,3553,1386125.781,0.0181
2018/3/31,1146,20136,6175861.627,0.0232
2018/3/31,1948,2839,8274816.935,0.0766
2018/3/31,1904,25561,28782263.52,0.1087
2018/3/31,1663,27691,15574489.55,0.0569
2018/3/31,1753,1693,730142.766,0.0118
2018/3/31,1200,3631,246835.836,0.0094
2018/3/31,1738,17126,4068339.031,0.0244
2018/3/31,1713,2859,1271537.766,0.0099
2018/3/31,1754,36513,29408151.31,0.0687
2018/3/31,1448,16296,8174981.116,0.0286
2018/3/31,1488,14468,7039921.392,0.0291
2018/3/31,1651,13632,11592815.27,0.0421
2018/3/31,1911,62884,42437064.37,0.1011
2018/3/31,1744,29638,25451713.06,0.0831
2018/3/31,1724,13420,6457893.871,0.0258
2018/3/31,1321,38512,25687774.69,0.0808
2018/3/31,1806,151,823873.405,0.0218
2018/3/31,1288,12107,6855273.56,0.0358
2018/3/31,1557,4087,366206.975,0.0102
2018/3/31,1726,9045,3330081.606,0.0252
2018/3/31,1704,12918,5981869.757,0.0336
2018/3/31,1245,12466,3223425.739,0.0162
2018/3/31,1842,64435,47393603.86,0.2484
2018/3/31,1776,14427,14682453.1,0.0546
2018/3/31,1088,810,1242476.088,0.011
2018/3/31,1363,2012,785144.777,0.0105
2018/3/31,1060,82996,35124409.07,0.189
2018/3/31,1860,40425,16285835.33,0.0799
2018/3/31,1182,130960,108142963.2,0.4943
2018/3/31,1878,15751,15186544.81,0.0578
2018/3/31,1922,6076,11182477.42,0.1062
2018/3/31,1226,22911,18250515.59,0.0294
2018/3/31,1258,27922,23444928.27,0.062
2018/3/31,1551,23660,14471503.67,0.0659
2018/3/31,1965,35060,11213284.79,0.0457
2018/3/31,1758,15960,8406405.054,0.0351
2018/3/31,1606,3241,1515820.756,0.0144
2018/3/31,1926,31346,15895285.95,0.0587
2018/3/31,1183,20662,25330111.92,0.0802
2018/3/31,1454,29006,21671161.03,0.1004
2018/3/31,1818,58868,26883113.7,0.0731
2018/3/31,1762,5216,2388098.092,0.0184
2018/3/31,1826,19478,16963551.03,0.0584
2018/3/31,1774,45957,43552802.5,0.1616
2018/3/31,1741,5357,4397980.512,0.0223
2018/3/31,1021,15873,14838485.65,0.0521
2018/3/31,1687,4301,3286165.372,0.0367
2018/3/31,1840,31019,21403408.78,0.0586
2018/3/31,1603,159173,65730071.06,0.1719
2018/3/31,1235,91811,27154044.06,0.0533
2018/3/31,1220,3986,2076494.954,0.0133
2018/3/31,1679,3481,4172232.02,0.0191
2018/3/31,1542,1820,303129.24,0.0079
2018/3/31,1496,24265,9486673.977,0.0425
2018/3/31,1464,23877,13732133.53,0.0787
2018/3/31,1549,28699,29189699.56,0.1012
2018/3/31,1382,53656,20203139.94,0.0619
2018/3/31,1920,2061,1787272.252,0.0289
2018/3/31,1482,67770,16854417.69,0.1078
2018/3/31,1470,11187,4363458.831,0.0258
2018/3/31,1069,51819,32646633.39,0.0939
2018/3/31,1284,27274,9135620.417,0.0486
2018/3/31,1112,21365,10296815.96,0.0605
2018/3/31,1596,6453,4949613.086,0.0259
2018/3/31,1037,63322,35843726.58,0.09
2018/3/31,1412,109426,118207986.8,0.2224
2018/3/31,1571,66009,59856134.76,0.1315
2018/3/31,1091,6594,395836.606,0.0126
2018/3/31,1011,30669,13145984.13,0.0404
2018/3/31,1629,19369,56767601.75,0.1947
2018/3/31,1602,23285,28252447.21,0.1201
2018/3/31,1791,31062,15030053.21,0.0687
2018/3/31,1314,10422,4919921.495,0.022
2018/3/31,1552,2466,9514027.842,0.0288
2018/3/31,1715,118115,52938329.23,0.1765
2018/3/31,1831,13983,8726609.029,0.0529
2018/3/31,1362,3061,798684.12,0.0105
2018/3/31,1196,4,1823.775,0.0076
2018/3/31,1277,11275,25982965.73,0.0716
2018/3/31,1816,2825,3459947.763,0.0151
2018/3/31,1144,52391,47398721.68,0.1198
2018/3/31,1519,38356,16852630.4,0.0466
2018/3/31,1385,843,297490.999,0.0083
2018/3/31,1149,22058,17578723.09,0.0772
2018/3/31,1572,40391,32685323.95,0.0614
2018/3/31,1137,55786,38882797.41,0.1388
2018/3/31,1345,22101,20306320.1,0.0832
2018/3/31,1157,58739,29930171.86,0.1279
2018/3/31,1139,6739,1521094.185,0.0143
2018/3/31,1595,15861,15033024.22,0.051
2018/3/31,1462,10632,28879465.6,0.0577
2018/3/31,1972,11750,9590618.967,0.032
2018/3/31,1950,44739,24811252.48,0.087
2018/3/31,1784,77664,43581969.83,0.174
2018/3/31,1096,15682,23846745.18,0.0902
2018/3/31,1312,1904,228557.068,0.0092
2018/3/31,1400,39729,30192164.69,0.0875
2018/3/31,1155,5632,2389719.189,0.018
2018/3/31,1212,47567,40240960.15,0.1426
2018/3/31,1036,9035,9446646.074,0.0349
2018/3/31,1417,75371,37264456.09,0.1477
2018/3/31,1072,29500,31693265.08,0.0764
2018/3/31,1691,12733,6880483.317,0.0384
2018/3/31,1642,35192,21742344.8,0.1072
2018/3/31,1813,23703,16494590.74,0.0415
2018/3/31,1267,48728,160687938.5,0.6638
2018/3/31,1513,112,37546.111,0.008
2018/3/31,1996,7442,5363189.471,0.0326
2018/3/31,1343,27090,7311345.863,0.0326
2018/3/31,1475,10194,1757776.391,0.0136
2018/3/31,1206,30170,16116029.04,0.0463
2018/3/31,1919,84402,46848058.55,0.1676
2018/3/31,1624,33705,12318526.69,0.0448
2018/3/31,1788,54754,31584449.38,0.1093
2018/3/31,1966,14415,34296905.76,0.1038
2018/3/31,1897,22258,10058430.13,0.0523
2018/3/31,1263,49456,32626891.59,0.2593
2018/3/31,1709,117048,19528446.6,0.0798
2018/3/31,1494,3819,361481.155,0.0089
2018/3/31,1851,2132,1691879.234,0.0134
2018/3/31,1394,579,78063.638,0.0075
2018/3/31,1354,29114,22889542.87,0.0864
2018/3/31,1068,82180,33970004.44,0.1513
2018/3/31,1986,38540,26633447.93,0.0906
2018/3/31,1870,40745,33881056.53,0.0861
2018/3/31,1771,10399,4738107.039,0.0248
2018/3/31,1845,38160,19961035.26,0.057
2018/3/31,1252,400,101953.538,0.0082
2018/3/31,1181,40739,15118385.72,0.0833
2018/3/31,1694,37527,32948728.56,0.1198
2018/3/31,1512,4410,29681999.35,0.076
2018/3/31,1658,18344,8271508.704,0.0478
2018/3/31,1367,49734,40168466.17,0.1468
2018/3/31,1623,39315,44963537.51,0.1554
2018/3/31,1801,50714,57299261.75,0.2242
2018/3/31,1281,0,0,/0
2018/3/31,1743,32759,25831683.24,0.1014
2018/3/31,1546,13028,3320225.289,0.0215
2018/3/31,1402,6498,2922209.989,0.0365
2018/3/31,1917,11,4549.05,0.0043
2018/3/31,1857,1819,2222043.337,0.0172
2018/3/31,1764,9598,3095071.587,0.0172
2018/3/31,1130,3877,1186126.809,0.0099
2018/3/31,1913,33382,14732825.22,0.0764
2018/3/31,1828,56100,32474044.26,0.1137
2018/3/31,1866,7943,1513311.816,0.0158
2018/3/31,1697,0,0,0.0042
2018/3/31,1669,30154,30524045.14,0.0902
2018/3/31,1094,19263,8382671.249,0.0532
2018/3/31,1306,30888,42210319.25,0.0868
2018/3/31,1582,24095,28106682.57,0.081
2018/3/31,1202,13666,8708278.077,0.026
2018/3/31,1410,10188,9954423.785,0.029
2018/3/31,1639,4918,4048047.565,0.02
2018/3/31,1422,10371,4194029.199,0.0203
2018/3/31,1128,6966,11265087.86,0.0277
2018/3/31,1308,35912,47766888.21,0.1702
2018/3/31,1706,47088,19604168.87,0.0874
2018/3/31,1684,6113,3034293.776,0.019
2018/3/31,1528,133,199956.147,0.0087
2018/3/31,1340,44031,54694715.82,0.1437
2018/3/31,1350,4750,2228195.593,0.0212
2018/3/31,1351,49858,26557484.7,0.0732
2018/3/31,1436,357,80034.205,0.0079
2018/3/31,1789,42416,21653704.58,0.0671
2018/3/31,1081,49626,32166287.68,0.1329
2018/3/31,1649,51660,35242284.1,0.0804
2018/3/31,1328,11758,3383186.838,0.0177
2018/3/31,1090,35651,26051419.88,0.0969
2018/3/31,1141,3867,1466617.002,0.0101
2018/3/31,1320,22054,9860067.529,0.0436
2018/3/31,1667,20323,12032879.21,0.0525
2018/3/31,1936,160,1347997.839,0.029
2018/3/31,1195,10567,7392632.472,0.0329
2018/3/31,1134,275,146629.062,0.0088
2018/3/31,1299,64543,61029660.68,0.1744
2018/3/31,1963,45256,42991471.12,0.1333
2018/3/31,1783,17861,7531510.468,0.0509
2018/3/31,1686,111793,55818639.98,0.1084
2018/3/31,1748,1450,626141.51,0.0141
2018/3/31,1928,13554,5703108.597,0.0218
2018/3/31,1994,41392,26619703.5,0.0762
2018/3/31,1210,4340,1459130.082,0.0143
2018/3/31,1116,56918,33183112.23,0.136
2018/3/31,1884,52006,31013529.94,0.0837
2018/3/31,1483,19577,6546079.751,0.04
2018/3/31,1893,423,289302.576,0.009
2018/3/31,1850,12150,9718595.46,0.0386
2018/3/31,1384,43597,36856251.57,0.1707
2018/3/31,1164,41519,12922220.3,0.0357
2018/3/31,1339,24072,29494166.22,0.1046
2018/3/31,1083,45281,19407078.45,0.0878
2018/3/31,1472,18746,13605378.8,0.0604
2018/3/31,1092,22281,12451858.87,0.0434
2018/3/31,1819,89160,25970150.85,0.0911
2018/3/31,1778,30196,13385673.8,0.0458
2018/3/31,1486,2,0,0.0073
2018/3/31,1646,55913,67139659.11,0.1105
2018/3/31,1619,7951,3275449.654,0.0272
2018/3/31,1140,71505,48835193.81,0.1977
2018/3/31,1798,37381,16386897.73,0.0432
2018/3/31,1414,29017,28130143.28,0.0744
2018/3/31,1301,11,54992.15,0.0087
2018/3/31,1251,136717,45123118.46,0.1516
2018/3/31,1864,21,61830.543,0.0083
2018/3/31,1391,63728,38874885.23,0.1693
2018/3/31,1803,29794,13288626.7,0.0541
2018/3/31,1736,0,171.716,0.0042
2018/3/31,1389,12338,15984579.62,0.0625
2018/3/31,1388,52781,25684117,0.0992
2018/3/31,1751,9782,8638807.925,0.0289
2018/3/31,1695,36814,30523457.27,0.0434
2018/3/31,1358,63698,38768226.32,0.1158
2018/3/31,1854,82379,39367912.93,0.1505
2018/3/31,1871,82852,35952237.75,0.1187
2018/3/31,1558,7527,2161044.587,0.0152
2018/3/31,1474,13151,7388280.311,0.0434
2018/3/31,1719,6820,516437.369,0.0148
2018/3/31,1478,18838,5759141.454,0.0267
2018/3/31,1019,7392,3549014.369,0.0344
2018/3/31,1978,6316,568088.51,0.012
2018/3/31,1071,41206,28536564.18,0.0631
2018/3/31,1750,11307,6489143.818,0.0342
2018/3/31,1647,13406,27697442.1,0.1006
2018/3/31,1889,20073,9278630.883,0.0314
2018/3/31,1034,43694,64143123.1,0.2691
2018/3/31,1310,94821,56954747.84,0.1601
2018/3/31,1939,15375,9535264.117,0.0429
2018/3/31,1030,35842,16276882.18,0.0572
2018/3/31,1907,18369,10788671,0.0303
2018/3/31,1942,2260,58266.363,0.008
2018/3/31,1901,7225,3545874.426,0.024
2018/3/31,1476,41740,29606975.03,0.1179
2018/3/31,1975,18100,9898220.101,0.0682
2018/3/31,1369,53990,18446720.75,0.0701
2018/3/31,1059,1745,2131079.599,0.0166
2018/3/31,1852,94531,59180531.87,0.1773
2018/3/31,1477,51496,28101760.07,0.127
2018/3/31,1465,10539,24537595.16,0.0522
2018/3/31,1275,9180,1927801.741,0.0128
2018/3/31,1444,10981,5569141.814,0.0416
2018/3/31,1947,74016,73117540.32,0.1209
2018/3/31,1968,17749,14673608.84,0.1088
2018/3/31,1732,6192,5178216.023,0.0358
2018/3/31,1152,18104,6475224.204,0.0692
2018/3/31,1087,15405,9377281.466,0.0526
2018/3/31,1193,8977,4090919.012,0.0282
2018/3/31,1184,108300,38767408.6,0.1433
2018/3/31,1568,10390,16351670.41,0.053
2018/3/31,1041,55641,65598048.79,0.4635
2018/3/31,1392,80061,61243156.41,0.2248
2018/3/31,1641,16242,18589803.08,0.0637
2018/3/31,1521,0,0,/0
2018/3/31,1325,3144,3097831.927,0.0247
2018/3/31,1890,4967,4827864.032,0.0323
2018/3/31,1065,35173,13146820.31,0.0473
2018/3/31,1016,2657,3317142.315,0.0165
2018/3/31,1592,9,37.413,0.0077
2018/3/31,1721,8904,2078671.086,0.0154
2018/3/31,1225,58016,25795601.53,0.0545
2018/3/31,1491,13563,39735660.9,0.0681
2018/3/31,1589,3063,1997227.675,0.0137
2018/3/31,1230,22702,10826526.5,0.0363
2018/3/31,1317,49577,16164218.68,0.0524
2018/3/31,1591,18055,6711015.693,0.0283
2018/3/31,1737,25604,18763560.09,0.1609
2018/3/31,1293,9811,5407462.68,0.023
2018/3/31,1435,15750,14799176.66,0.05
2018/3/31,1545,1936,608005.077,0.0103
2018/3/31,1653,47100,47780342.05,0.1821
2018/3/31,1188,107423,66080239.72,0.1801
2018/3/31,1670,42280,94051648.28,0.2453
2018/3/31,1640,1792,42049672.89,0.1545
2018/3/31,1063,9132,3957503.648,0.0288
2018/3/31,1755,35856,32838208.93,0.0811
2018/3/31,1415,12327,4103512.02,0.0266
2018/3/31,1674,20805,13714238.68,0.1141
2018/3/31,1662,25580,15643468.11,0.0643
2018/3/31,1145,243,108413.7,0.0046
2018/3/31,1014,45036,34549978.63,0.1606
2018/3/31,1051,4066,4830316.072,0.0338
2018/3/31,1844,5081,2414638.34,0.0131
2018/3/31,1656,482,168060.63,0.0096
2018/3/31,1336,49818,24071936.47,0.0604
2018/3/31,1151,12164,1066234.03,0.0142
2018/3/31,1797,0,0,/0
2018/3/31,1858,9112,9294926.32,0.0287
2018/3/31,1335,49472,34964543.34,0.1418
2018/3/31,1661,42899,10628512.85,0.0398
2018/3/31,1785,85248,72659085.86,0.1689
2018/3/31,1608,55561,44893520.86,0.1137
2018/3/31,1540,32532,15615369.22,0.0793
2018/3/31,1026,28506,11551099.55,0.05
2018/3/31,1269,33549,33890694.49,0.1273
2018/3/31,1227,62758,50572861.24,0.2635
2018/3/31,1117,44271,32658927.54,0.127
2018/3/31,1759,44612,22235849.28,0.068
2018/3/31,1836,1221,744018.771,0.0103
2018/3/31,1856,176360,129838753,0.4264
2018/3/31,1416,36123,21063703.44,0.0684
2018/3/31,1022,7765,1448128.219,0.0139
2018/3/31,1584,162227,55831522.18,0.2087
2018/3/31,1270,72900,51731239.69,0.1437
2018/3/31,1274,8096,5636964.181,0.0223
2018/3/31,1643,18088,9649274.746,0.0429
2018/3/31,1023,4366,8601331.242,0.0367
2018/3/31,1189,53812,35585351.36,0.0934
2018/3/31,1138,97190,63024691.69,0.1333
2018/3/31,1001,65886,45493270.88,0.1275
2018/3/31,1327,1168,953126.14,0.0113
2018/3/31,1916,6110,6395926.197,0.0407
2018/3/31,1238,22983,10496485.1,0.0539
2018/3/31,1808,721,269691.512,0.0088
2018/3/31,1307,1001,1405889.291,0.0127
2018/3/31,1954,18386,20293968.65,0.0663
2018/3/31,1007,30982,58810611.23,0.115
2018/3/31,1393,52078,39591948.72,0.2418
2018/3/31,1050,6202,5552086.15,0.0214
2018/3/31,1271,10195,6897263.568,0.0329
2018/3/31,1707,22265,19353693.31,0.0835
2018/3/31,1787,21232,13626979.9,0.0599
2018/3/31,1499,31933,13680772.77,0.0612
2018/3/31,1104,18923,7087002.298,0.0347
2018/3/31,1291,30448,19054213.47,0.0669
2018/3/31,1411,20220,19954874.76,0.0681
2018/3/31,1763,53279,58137621.08,0.1987
2018/3/31,1621,5784,6021453.511,0.0235
2018/3/31,1912,29528,26507787.04,0.0755
2018/3/31,1877,0,0,/0
2018/3/31,1588,55105,9547232.123,0.038
2018/3/31,1720,63956,46813601.46,0.1578
2018/3/31,1253,33441,40824093.06,0.2076
2018/3/31,1228,88883,17436845.47,0.0491
2018/3/31,1982,67406,70477554.85,0.2264
2018/3/31,1781,18720,8416741.856,0.0304
2018/3/31,1782,6331,8560120.758,0.0353
2018/3/31,1250,31329,19727172.3,0.065
2018/3/31,1296,100736,27255594.91,0.1444
2018/3/31,1103,46957,24403469.91,0.076
2018/3/31,1093,31350,25629287.29,0.064
2018/3/31,1525,2401,769574.097,0.0116
2018/3/31,1923,67044,12476601.47,0.0498
2018/3/31,1638,31448,35414269.77,0.0907
2018/3/31,1833,32556,24752979.22,0.0823
2018/3/31,1302,98643,37537927.82,0.2037
2018/3/31,1218,63144,101710037,0.1961
2018/3/31,1289,24887,20341367.56,0.0993
2018/3/31,1099,65241,14104416.98,0.0566
2018/3/31,1110,10454,6944251.986,0.0215
2018/3/31,1424,15347,17937057.73,0.0788
2018/3/31,1375,83253,62535955.08,0.2108
2018/3/31,1810,27929,18409458.33,0.0695
2018/3/31,1702,7820,20198450.81,0.1335
2018/3/31,1563,53617,29137073.72,0.0802
2018/3/31,1108,49140,30225653.69,0.0901
2018/3/31,1823,19679,18667386.35,0.0807
2018/3/31,1881,29924,13230644.32,0.0695
2018/3/31,1213,18378,16127598.19,0.0647
2018/3/31,1498,43911,92955676.38,0.433
2018/3/31,1095,97,7114.072,0.0076
2018/3/31,1176,51251,43009789.19,0.1781
2018/3/31,1268,8485,2087030.935,0.0163
2018/3/31,1231,22720,18080155.5,0.0774
2018/3/31,1338,31851,13322589.02,0.0343
2018/3/31,1214,76351,111146467.9,0.4198
2018/3/31,1998,42166,54206605.52,0.2098
2018/3/31,1025,11437,17203719,0.068
2018/3/31,1318,29976,6010454.952,0.0186
2018/3/31,1190,16092,15082189.35,0.0503
2018/3/31,1506,51401,26245091.84,0.08
2018/3/31,1654,16890,24490573.6,0.0667
2018/3/31,1941,4110,2499222.242,0.017
2018/3/31,1734,7723,6346958.212,0.0347
2018/3/31,1357,73014,104561498.2,0.3303
2018/3/31,1078,39802,5045129.377,0.0486
2018/3/31,1223,3179,1591160.664,0.0136
2018/3/31,1541,33984,20988647.63,0.0866
2018/3/31,1241,9171,10365290.64,0.0593
2018/3/31,1224,11908,11119582.22,0.0372
2018/3/31,1793,11561,15376268.71,0.0436
2018/3/31,1209,34054,54274307.98,0.1152
2018/3/31,1739,55212,71108586.35,0.2635
2018/3/31,1283,3503,688654.025,0.0098
2018/3/31,1611,4962,2832743.57,0.0198
2018/3/31,1790,28830,35632823.8,0.1058
2018/3/31,1079,43994,30181962.56,0.0872
2018/3/31,1168,17033,8900771.126,0.0354
2018/3/31,1101,4567,403934.3,0.0119
2018/3/31,1848,23251,18600754.9,0.0888
2018/3/31,1703,16836,10723580.61,0.0472
2018/3/31,1874,0,0,0.0079
2018/3/31,1786,34200,26919192.14,0.2279
2018/3/31,1147,1652,318888.42,0.0094
2018/3/31,1043,14469,9360598.477,0.0353
2018/3/31,1364,337,156361.233,0.0085
2018/3/31,1131,16205,8702073.927,0.0441
2018/3/31,1685,30390,8964226.356,0.0356
2018/3/31,1326,1882,3940758.393,0.0152
2018/3/31,1169,7675,3629431.798,0.0233
2018/3/31,1604,8995,1623518.031,0.0143
2018/3/31,1859,21974,6686457.583,0.0298
2018/3/31,1290,14692,5308714.057,0.0326
2018/3/31,1106,57121,32082736.12,0.155
2018/3/31,1445,32034,36741290.4,0.0979
2018/3/31,1173,65502,29099798.68,0.095
2018/3/31,1980,8802,5902893.033,0.0201
2018/3/31,1822,37699,27004661.27,0.0758
2018/3/31,1179,23510,10146779.17,0.0509
2018/3/31,1800,8297,5266329.617,0.0513
2018/3/31,1481,78845,111231790.2,0.3526
2018/3/31,1390,67123,34760323.52,0.0914
2018/3/31,1397,8741,1480096.43,0.0124
2018/3/31,1049,37412,30152044.63,0.0961
2018/3/31,1249,5171,4556452.524,0.0222
2018/3/31,1355,5045,2826870.338,0.0172
2018/3/31,1337,97561,64468346.53,0.3795
2018/3/31,1039,17942,8857788.196,0.025
2018/3/31,1009,122,46694.222,0.0049
2018/3/31,1802,97429,156332305.1,0.3463
2018/3/31,1906,11075,22278897.13,0.0312
2018/3/31,1815,67357,36794055.68,0.1745
2018/3/31,1121,108022,28697154.59,0.1686
2018/3/31,1745,23167,13098029.56,0.0636
2018/3/31,1522,67518,18446504.9,0.0861
2018/3/31,1553,859,924501.465,0.0111
2018/3/31,1487,2475,717397.858,0.0123
2018/3/31,1217,4338,2385646.971,0.0125
2018/3/31,1805,15595,5521106.383,0.0324
2018/3/31,1493,2515,764443.993,0.0112
2018/3/31,1418,20968,11180627.22,0.0678
2018/3/31,1535,20128,15663840.78,0.0704
2018/3/31,1581,27949,37880321.89,0.0769
2018/3/31,1868,15283,9407503.414,0.1218
2018/3/31,1635,23510,7755731.105,0.0273
2018/3/31,1688,94749,59190817.67,0.2154
2018/3/31,1248,758,199461.303,0.0097
2018/3/31,1265,55506,22671380.82,0.1401
2018/3/31,1987,12235,19316129.25,0.0904
2018/3/31,1368,5854,1753085.99,0.0123
2018/3/31,1002,145075,55947646.35,0.2158
2018/3/31,1957,4180,21481518.57,0.0383
2018/3/31,1727,5812,4157675.028,0.0288
2018/3/31,1530,37571,23809809.17,0.0694
2018/3/31,1495,1583,216024.263,0.0084
2018/3/31,1098,6408,1289701.766,0.0145
2018/3/31,1995,915,66196.866,0.0086
2018/3/31,1240,44032,24636167.87,0.0758
2018/3/31,1115,1657,308630.591,0.0096
2018/3/31,1055,20722,7929819.73,0.0618
2018/3/31,1610,7254,3668407.336,0.0149
2018/3/31,1136,24478,56444112.34,0.181
2018/3/31,1534,24459,58825594.56,0.2705
2018/3/31,1861,132,14452.174,0.0077
2018/3/31,1150,16618,24067522.98,0.0521
2018/3/31,1765,34106,91743688.45,0.2129
2018/3/31,1066,48028,13703533.75,0.0619
2018/3/31,1579,1082,1244655.602,0.0101
2018/3/31,1484,96768,47254212.91,0.176
2018/3/31,1565,3469,15297293.63,0.0519
2018/3/31,1409,24151,17816379.88,0.0537
2018/3/31,1082,39665,25127004.41,0.1039
2018/3/31,1439,296160,61610533.2,0.3062
2018/3/31,1126,5366,9141586.476,0.039
2018/3/31,1156,20355,13992896.97,0.07
2018/3/31,1097,30116,20568974.4,0.0774
2018/3/31,1466,0,0,0.0041
2018/3/31,1777,2385,457507.74,0.0092
2018/3/31,1185,62263,118512441.6,0.3081
2018/3/31,1991,15740,6782180.984,0.0268
2018/3/31,1955,64143,31525769.28,0.0589
2018/3/31,1839,11303,11904115.1,0.0512
2018/3/31,1616,49914,73026521.17,0.1524
2018/3/31,1539,9897,19750156.15,0.0699
2018/3/31,1997,25453,39975332.13,0.1472
2018/3/31,1992,580,6213597.688,0.0681
2018/3/31,1817,57825,43115486.49,0.1386
2018/3/31,1518,6624,9171610.429,0.0221
2018/3/31,1208,11147,5717614.914,0.0323
2018/3/31,1434,24448,18063425.57,0.0969
2018/3/31,1086,32086,13136956.96,0.0327
2018/3/31,1944,4254,4476537.69,0.0218
2018/3/31,1930,32023,23907510.43,0.0527
2018/3/31,1509,25284,48166273.82,0.4141
2018/3/31,1018,13854,10075936.89,0.0388
2018/3/31,1447,2330,2367904.253,0.0125
2018/3/31,1964,775,516390.701,0.0106
2018/3/31,1503,56930,44068327.31,0.0959
2018/3/31,1983,39454,23818332.71,0.1016
2018/3/31,1543,286,37012.184,0.0073
2018/3/31,1678,3968,1316466.942,0.012
2018/3/31,1959,3898,501370.585,0.011
2018/3/31,1192,2518,1040588.233,0.0127
2018/3/31,1967,30217,21735199.96,0.0634
2018/3/31,1243,604,1234640.153,0.0119
2018/3/31,1977,44527,40168551.11,0.1492
2018/3/31,1891,26826,22152699.91,0.1137
2018/3/31,1295,39240,31259717.61,0.1005
2018/3/31,1683,29478,13713066.05,0.0578
2018/3/31,1473,11778,3381792.661,0.021
2018/3/31,1888,72804,57005898.61,0.1856
2018/3/31,1427,85299,50723623.06,0.1671
2018/3/31,1261,38372,23817625.7,0.0908
2018/3/31,1264,9274,11339763.24,0.0509
2018/3/31,1609,9169,7474167.931,0.0276
2018/3/31,1194,5695,4816652.344,0.0207
2018/3/31,1515,7430,2109205.796,0.0173
2018/3/31,1531,18018,16540134.78,0.098
2018/3/31,1843,1376,736652.68,0.011
2018/3/31,1780,15808,25369519.23,0.0758
2018/3/31,1676,6753,192905.879,0.0085
2018/3/31,1918,8828,19599009.25,0.0479
2018/3/31,1456,17608,26025985.87,0.0418
2018/3/31,1652,1708,747865.854,0.0099
2018/3/31,1089,19605,9512471.326,0.0479
2018/3/31,1040,12180,9287988.771,0.0316
2018/3/31,1618,64240,30982374.96,0.0824
2018/3/31,1961,13628,16726984.59,0.0404
2018/3/31,1387,26136,21789899.06,0.0919
2018/3/31,1407,124,17710.177,0.0077
2018/3/31,1017,62831,33627523.74,0.1128
2018/3/31,1085,8464,9680605.606,0.0506
2018/3/31,1333,35968,20147531.01,0.0884
2018/3/31,1322,127143,47013117.76,0.2077
2018/3/31,1278,2618,1357135.342,0.0111
2018/3/31,1601,18342,7520733.713,0.033
2018/3/31,1386,414,584783.083,0.0113
2018/3/31,1024,83428,43427417.03,0.2084
2018/3/31,1723,74510,46925956.87,0.2484
2018/3/31,1767,14773,35676752.88,0.1007
2018/3/31,1300,848,14725.786,0.0076
2018/3/31,1467,7391,11812893.98,0.0375
2018/3/31,1631,129443,134916850.1,0.2656
2018/3/31,1673,451,26972.276,0.0084
2018/3/31,1374,281,48723.423,0.0082
2018/3/31,1404,33885,14234343.37,0.078
2018/3/31,1605,23699,12819146.16,0.0545
2018/3/31,1597,6634,5246249.478,0.0288
2018/3/31,1634,84856,34616843.12,0.1628
2018/3/31,1690,5573,18097352.98,0.0287
2018/3/31,1174,59091,13161632.54,0.0957
2018/3/31,1583,14904,25490203.65,0.0853
2018/3/31,1421,17651,4035125.783,0.0332
2018/3/31,1862,30430,9120306.918,0.0334
2018/3/31,1680,14323,15840589.26,0.0402
2018/3/31,1905,795,293549.992,0.0103
2018/3/31,1330,137525,67894115.22,0.2255
2018/3/31,1471,36886,21773164.45,0.0641
2018/3/31,1109,5664,4872460.981,0.024
2018/3/31,1437,10241,2072519.089,0.0164
2018/3/31,1280,138894,56633268.61,0.1746
2018/3/31,1187,54707,105410601,0.2719
2018/3/31,1457,0,5.757,0.0079
2018/3/31,1216,43002,21131764.17,0.1185
2018/3/31,1976,70964,37584946.61,0.1061
2018/3/31,1937,173692,103130389.4,0.2418
2018/3/31,1490,29718,70459868.11,0.1747
2018/3/31,1779,567,624442.294,0.0097
2018/3/31,1524,44554,53993993.36,0.2273
2018/3/31,1879,5563,4747869.98,0.0164
2018/3/31,1443,16019,6106176.171,0.0294
2018/3/31,1569,39631,41028684.28,0.1025
2018/3/31,1526,41874,25096047.78,0.0834
2018/3/31,1135,138,55205.071,0.0076
2018/3/31,1061,1277,159250.104,0.0082
2018/3/31,1814,38916,20380833.72,0.0672
2018/3/31,1165,10464,15636894.22,0.0458
2018/3/31,1010,41204,24245831.11,0.0591
2018/3/31,1627,47737,47004791.92,0.1356
2018/3/31,1555,39266,104995798,0.5247
2018/3/31,1508,37396,23520777.95,0.0672
2018/3/31,1257,37328,48243456.36,0.1519
2018/3/31,1062,70753,56414594.42,0.3939
2018/3/31,1452,51201,33950228.82,0.1279
2018/3/31,1207,4771,7297706.462,0.0542
2018/3/31,1419,69828,54226216.4,0.0912
2018/3/31,1154,23452,14755422.78,0.0796
2018/3/31,1006,80375,48164179.96,0.2345
2018/3/31,1682,22368,17275364.63,0.0612
2018/3/31,1489,45241,37083965.74,0.1117
2018/3/31,1032,33238,25829891.02,0.0867
2018/3/31,1586,39439,16499872.68,0.0624
2018/3/31,1166,17790,11831483.19,0.0503
2018/3/31,1199,5483,13117522.66,0.0498
2018/3/31,1620,58604,41154129.58,0.2069
2018/3/31,1887,27518,14003536.47,0.0591
2018/3/31,1425,29392,36401647.46,0.0729
2018/3/31,1045,5990,3855642.036,0.018
2018/3/31,1428,55566,25993370.7,0.0863
2018/3/31,1594,52598,41138332.56,0.1598
2018/3/31,1633,16496,10254333.93,0.0604
2018/3/31,1148,3376,2424468.608,0.0135
2018/3/31,1749,25066,23131142.85,0.049
2018/3/31,1561,929,719104.156,0.0142
2018/3/31,1882,15279,13261638.56,0.0473
2018/3/31,1159,71909,55432296.17,0.1563
2018/3/31,1442,44960,15720790.13,0.0542
2018/3/31,1841,53553,41728739.76,0.1155
2018/3/31,1731,33236,19591677.06,0.0626
2018/3/31,1239,3787,1419342.666,0.0112
2018/3/31,1366,85037,53885616.1,0.2442
2018/3/31,1548,54985,84873129.83,0.1668
2018/3/31,1047,99113,46711835.01,0.1073
2018/3/31,1664,559,2217091.393,0.0125
2018/3/31,1770,67026,90881589.59,0.2302
2018/3/31,1167,47041,26045566.42,0.1103
2018/3/31,1142,81,20500.39,0.0077
2018/3/31,1529,40759,18121201.66,0.0919
2018/3/31,1820,16226,18762063.95,0.0889
2018/3/31,1675,23905,14389491.1,0.0461
2018/3/31,1668,89062,63883260.38,0.1679
2018/3/31,1303,4717,5872826.963,0.0231
2018/3/31,1458,4577,6170703.501,0.0197
2018/3/31,1570,45593,9805926.163,0.062
2018/3/31,1938,14602,19517830.52,0.0497
2018/3/31,1577,14892,6477596.953,0.0439
2018/3/31,1122,19030,10924916.73,0.028
2018/3/31,1832,61963,33328006.57,0.0942
2018/3/31,1885,62510,25333484.33,0.1101
2018/3/31,1872,4967,1414153.056,0.0137
2018/3/31,1186,2282,1977536.021,0.0111
2018/3/31,1395,19741,49893919.51,0.1397
2018/3/31,1105,49464,50350378.35,0.1815
2018/3/31,1677,24573,18278288.74,0.0563
2018/3/31,1900,32994,25171925.32,0.0683
2018/3/31,1273,4757,11009807.74,0.0584
2018/3/31,1733,25935,11268304.89,0.0491
2018/3/31,1046,18842,5091598.737,0.0223
2018/3/31,1909,14512,10537658.33,0.046
2018/3/31,1902,154843,93834274.17,0.2894
2018/3/31,1735,25665,12797704.39,0.07
2018/3/31,1550,8968,8571340.505,0.0334
2018/3/31,1746,6045,2449858.378,0.0187
2018/3/31,1772,253136,47686518.84,0.1964
2018/3/31,1766,53265,52004972.11,0.2908
2018/3/31,1792,9152,9551999.86,0.0423
2018/3/31,1564,40208,10305401.28,0.041
2018/3/31,1799,56512,78425097.61,0.337
2018/3/31,1406,19242,13253264.93,0.0486
2018/3/31,1725,4012,3145731.782,0.0177
2018/3/31,1538,3071,544301.101,0.0097
2018/3/31,1614,20334,13513425.73,0.0437
2018/3/31,1201,71434,40823740.74,0.1012
2018/3/31,1829,29522,8212801.35,0.0313
2018/3/31,1711,7730,2966336.79,0.0165
2018/3/31,1984,45678,26746790.53,0.1044
2018/3/31,1203,9519,12549254.19,0.0341
2018/3/31,1297,25498,27152308.87,0.0833
2018/3/31,1825,45581,26261114.14,0.1295
2018/3/31,1613,18256,18357152.83,0.0894
2018/3/31,1985,9658,2219030.807,0.0125
2018/3/31,1459,10046,6968700.611,0.0335
2018/3/31,1244,807,556539.623,0.0088
2018/3/31,1198,30357,23821452.45,0.0765
2018/3/31,1849,40639,25555574.51,0.0928
2018/3/31,1204,18902,6151783.771,0.026
2018/3/31,1514,68902,19870948.32,0.0958
2018/3/31,1527,17234,16319951.42,0.0967
2018/3/31,1696,17378,27910406.87,0.0814
2018/3/31,1153,3976,3501882.93,0.0271
2018/3/31,1712,13402,6261881.485,0.0302
2018/3/31,1587,5664,7773091.504,0.0318
2018/3/31,1480,6325,20814093.2,0.062
2018/3/31,1371,29943,20082532.33,0.2171
